<?xml version="1.0" encoding="UTF-8"?>
<beans xmlns="http://www.springframework.org/schema/beans"
	xmlns:xsi="http://www.w3.org/2001/XMLSchema-instance"
	xsi:schemaLocation="http://www.springframework.org/schema/beans
        https://www.springframework.org/schema/beans/spring-beans.xsd">
	<!-- more bean definitions go here -->
<!-- 	<bean id="address" class="com.mindgate.pojo.Address" -->
<!-- 		scope="prototype"> -->
<!-- 		<constructor-arg name="address" value="101" /> -->
<!-- 		<constructor-arg name="street" value="pune link" /> -->
<!-- 		<constructor-arg name="city" value="kalyan" /> -->
<!-- 		<constructor-arg name="state" value="maharashtra" /> -->

<!-- 	</bean> -->
<!-- 	<bean id="employee" class="com.mindgate.pojo.Employee"> -->
<!-- 		<constructor-arg name="employeeid" value="10"/> -->
<!-- 		<constructor-arg name="name" value="harsha"/> -->
<!-- 		<constructor-arg name="salary" value="1024"/> -->
<!-- 		<constructor-arg name="homeaddress" ref="address"/> -->
<!-- 	</bean> -->

	<bean id="address" class="com.mindgate.pojo.Address" scope="prototype">
		<property name="address" value="012" />
		<property name="street" value="pune link" />
		<property name="city" value="kalyan" />
		<property name="state" value="maharashtra" />

	</bean>
	<bean id="employee" class="com.mindgate.pojo.Employee" scope="prototype" autowire="byType">
		<property name="employeeid" value="10"/>
		<property name="name" value="harsha"/>
		<property name="salary" value="1024"/>
	</bean>
</beans>